{"payload":{"missingAlts":[{"src":"https://dlqxt4mfnxo6k.cloudfront.net/destinationhomes.com/aHR0cHM6Ly9zMy5hbWF6b25hd3MuY29tL2J1aWxkZXJjbG91ZC81NDQ4Y2Q4MzU0ZTAyOTU3MmRhOGY1MGY0NTBjYWRiNS5qcGVn/exact/webp/2000/1125","alt":"a couple of houses with a lawn and a path","approved":false,"decorative":false,"metadata":{"foundDescription":true,"foundCachedResponse":true,"normalizedImageUrl":"https://dlqxt4mfnxo6k.cloudfront.net/destinationhomes.com/aHR0cHM6Ly9zMy5hbWF6b25hd3MuY29tL2J1aWxkZXJjbG91ZC81NDQ4Y2Q4MzU0ZTAyOTU3MmRhOGY1MGY0NTBjYWRiNS5qcGVn/exact/webp"}},{"src":"https://dlqxt4mfnxo6k.cloudfront.net/destinationhomes.com/aHR0cHM6Ly9zMy5hbWF6b25hd3MuY29tL2J1aWxkZXJjbG91ZC9hYmNkMDYyMjhmZWIzMzkzMzA2ZmYwNDUwNTA5YTEwYi5qcGVn/exact/webp/2000/1125","alt":"house","approved":false,"decorative":false,"metadata":{"foundDescription":true,"foundCachedResponse":true,"normalizedImageUrl":"https://dlqxt4mfnxo6k.cloudfront.net/destinationhomes.com/aHR0cHM6Ly9zMy5hbWF6b25hd3MuY29tL2J1aWxkZXJjbG91ZC9hYmNkMDYyMjhmZWIzMzkzMzA2ZmYwNDUwNTA5YTEwYi5qcGVn/exact/webp"}},{"src":"https://dlqxt4mfnxo6k.cloudfront.net/destinationhomes.com/aHR0cHM6Ly9zMy5hbWF6b25hd3MuY29tL2J1aWxkZXJjbG91ZC9lYjI0ODhhMGI4NGI4MTE3NjMzMzA1NzFmOGJiYzEzYi5qcGVn/exact/webp/2000/1125","alt":"window","approved":false,"decorative":false,"metadata":{"foundDescription":true,"foundCachedResponse":true,"normalizedImageUrl":"https://dlqxt4mfnxo6k.cloudfront.net/destinationhomes.com/aHR0cHM6Ly9zMy5hbWF6b25hd3MuY29tL2J1aWxkZXJjbG91ZC9lYjI0ODhhMGI4NGI4MTE3NjMzMzA1NzFmOGJiYzEzYi5qcGVn/exact/webp"}},{"src":"https://www.destinationhomes.com/images/icon-arrow-right-red.svg","alt":null,"approved":false,"decorative":false,"metadata":{"skippedForReadOnly":true,"foundCachedResponse":true}},{"src":"https://www.destinationhomes.com/images/icon-baths.svg","alt":null,"approved":false,"decorative":false,"metadata":{"skippedForReadOnly":true,"foundCachedResponse":true}},{"src":"https://www.destinationhomes.com/images/icon-beds.svg","alt":null,"approved":false,"decorative":false,"metadata":{"skippedForReadOnly":true,"foundCachedResponse":true}},{"src":"https://www.destinationhomes.com/images/icon-equal-housing-black.svg","alt":null,"approved":false,"decorative":false,"metadata":{"skippedForReadOnly":true,"foundCachedResponse":true}},{"src":"https://www.destinationhomes.com/images/icon-equal-housing-white.svg","alt":null,"approved":false,"decorative":false,"metadata":{"skippedForReadOnly":true,"foundCachedResponse":true}},{"src":"https://www.destinationhomes.com/images/icon-photos.svg","alt":null,"approved":false,"decorative":false,"metadata":{"skippedForReadOnly":true,"foundCachedResponse":true}},{"src":"https://www.destinationhomes.com/images/icon-social-instagram.svg","alt":null,"approved":false,"decorative":false,"metadata":{"skippedForReadOnly":true,"foundCachedResponse":true}},{"src":"https://www.destinationhomes.com/images/icon-social-linkedin.svg","alt":null,"approved":false,"decorative":false,"metadata":{"skippedForReadOnly":true,"foundCachedResponse":true}},{"src":"https://www.destinationhomes.com/images/icon-social-pinterest.svg","alt":null,"approved":false,"decorative":false,"metadata":{"skippedForReadOnly":true,"foundCachedResponse":true}},{"src":"https://www.destinationhomes.com/images/icon-social-twitter.svg","alt":null,"approved":false,"decorative":false,"metadata":{"skippedForReadOnly":true,"foundCachedResponse":true}},{"src":"https://www.destinationhomes.com/images/icon-social-youtube.svg","alt":null,"approved":false,"decorative":false,"metadata":{"skippedForReadOnly":true,"foundCachedResponse":true}},{"src":"https://www.destinationhomes.com/images/icon-sqft.svg","alt":null,"approved":false,"decorative":false,"metadata":{"skippedForReadOnly":true,"foundCachedResponse":true}},{"src":"https://www.destinationhomes.com/images/logo-header.svg","alt":null,"approved":false,"decorative":false,"metadata":{"skippedForReadOnly":true,"foundCachedResponse":true}},{"src":"https://www.destinationhomes.com/images/logo-mark.png","alt":null,"approved":false,"decorative":false,"metadata":{"skippedForReadOnly":true,"foundCachedResponse":true}}]},"payloadType":"MissingAltsDto"}